description,id,title
,10009927248,Details of an ontology building method AFM
,10009927771,"Design and trial manufacture of an environment for building and using ontologies ""HOZHO"""
,10009929609,"Treatment for relationship and role concept in an environment for building and using ontologies ""HOZO"""
,10011367082,Development of a distributed environment for building and using ontologies
,10011368162,A conceptual design of a guide system for ontology design
,10013060144,「ロール」および「関係」に関する基礎的考察に基づくオントロジー記述環境の開発
,10015770681,オントロジー構築 利用環境「法造」を用いたオントロジーに基づくモデル構築
"In conceptual design, a designer decomposes a required function into sub-functions, so-called functional decomposition, using a kind of functional knowledge representing achievement relations among functions. Aimin at systematization of such functional knowledge, we proposed ontologies that guide conceptualization of artifacts from the functional point of view. This paper discusses its systematic description based on the functional ontologies. Firstly, we propose a new concept named &ldquo;way of achievement&rdquo; as a key concept for its systematization. Categorization of typical representations of the knowledge and organization as is-a hierarchies are also discussed. Such concept, categorization, and functional ontologies make the functional knowledge consistent and applicable to other domains. Next, the implementation of the functional ontologies and their utility on description of the knowledge are shown. Lastly, we discuss development of a knowledge-based system to help human designers redesign an existin artifact. The ontology of functional concepts and the systematic description of functional knowledge enable the supporting system to show designers a wide range of alternative ways and then to facilitate innovative redesign.",10015770697,Systematic Description of Functional Knowledge based on Functional Ontologies and Its Use for Supporting Design of Functional Structures
"Recently, an ontology is expected to contribute to knowledge sharing and euse. It is,however, difficult to develop well-organized ontologies because the principles of ontology design are not clear enough. Therefore, a methodology for ontology design and a computer system supporting ontology design are needed. Our research goals include a methodology of ontology design, and development of an environment for building and using ontologies. Building an ontology requires a clear understanding of what can be concepts with what relations to others. An ontology thus focuses on &ldquo;concepts&rdquo; themselves rather than &ldquo;representation&rdquo; of them. Although several systems for building ontologies have been developed to date, they were not based on enough consideration of an ontological theory. We argue that a fundamental consideration of these ontological theories is needed to develop an environment for developing ontologies. Most of the previous ontologies, which are represented in frame-based languages,don't clearly deal with such concepts that need deep ontological investigation. Therefore we begin with a fundamental consideration of an ontological theory. We discuss mainly &ldquo;role concept&rdquo; and &ldquo;relationship&rdquo;, and consider how these ontologically important concepts should be treated in our environment. On the basis of the consideration we have designed and have developed an environment for building and using ontologies, named &ldquo;Hozo&rdquo;. This paper presents an outline of the functionality of Hozo. We focus on how it treats the relations and roles on the basis of fundamental consideration.",10015770936,"Development of an Environment for Building Ontologies Based on a Fundamental Consideration of ""Role"" and ""Relationship"""
"Ontological engineering is a successor of knowledge engineering which has been considered as a technology for building knowledge-intensive systems. Although knowledge engineering has contributed to eliciting expertise, organizing it into a computational structure, and building knowledge bases, AI researchers have noticed the necessity of a more robust and theoretically sound engineering which enables knowledge sharing/reuse and formulation of the problem solving process itself. Knowledge engineering has thus developed into &ldquo;ontological engineering&rdquo; where &ldquo;ontology&rdquo; is the key concept to investigate. Although the necessity of an ontology and ontological engineering is well-understood, there has been few success stories about ontology construction and its deployment to date. The reason for this is that the principles of ontology design is not clear enough. Therefore, a methodology of ontology design and a computer system supporting ontology design are needed. Our research goals include a methodology of ontology design, and development of an environment for building and using ontologies. This article outlines an environment for building and using ontologies &ldquo;Hozo&rdquo; which is under development. Hozo is designed based on a fundamental consideration of an ontological theory. And it has been extensively used in many projects to develop various ontologies. As an example, this paper presents an activity of ontology construction and its deployment in an interface system for an oil-refinery plant operation which has been done under the umbrella of Human-Media Project for five years. And we demonstrate the ability of Hozo through the ontology building/using process.",10015771407,"Development and Use of an Environment for Building/Using Ontologies ""Hozo"" : A Case Study on a Real-scale Plant Ontology"
"Recently, ontology is expected to contribute to sharing and reuse of knowledge, and a lot of research on ontology has been carried out. However, useful methodologies for building ontologies are not yet established in spite of the understanding of its necessity. The crucial point of building ontologies is to articulate concepts in the target field. If a concept is defined in a manner depending on a particular context, it is difficult to reuse it in other contexts. Therefore, it is important to distinguish context-dependent concepts from context-independent ones. The difficulty of the discrimination requires development of a methodology and a guide system for building ontologies.This paper proposes AFM (Activity-First Method), a methodology of building domain ontology depending on task analysis, and an ontology building guide system based on AFM. The guide system supports building ontologies by providing an ontology author with building steps, and managing intermediate results. In the first half of this paper, we take an ontology of oil refinery plant operation task as an example and discuss articulation of the role concepts. Role concepts represent conceptual categories of roles of matters in a particular context. This consideration serves as the foundation of this guide system. In the second half of this paper, we show how the guide system supports an ontology building process.",10015771737,Design and Development of a Guide System for Building an Ontology based on Task/Domain Role Concepts : A Case Study on an Oil Refinery Plant
"Based on some fundamental theories of ontology, we can treat a role concept as a concept which an entity plays in a context and discriminate it from a basic concept. Because a theory of role concepts makes a static policy for treatment of views and contexts related to conceptualization, discrimination of role concepts contributes effectively to management of instance models. In our research, we have developed an ontology building environment, which provides a framework for representation of role concepts and their characteristics. However, in the framework, role concepts are dealt with in a basic concept centered view and their definitions are scattered around in the respective related concepts which give the context of the roles. This is why users cannot easily represent relations among role concepts and grasp their whole image in an ontology. In this paper, as an extension of this framework, we present a framework for organizing role concepts in a hierarchy from role centered view. We investigate how to organize role concepts according to their contextual dependencies and focus on defining and organizing a role concept which depends on several contexts.",10022005765,A Framework for Organizing Role Concepts Based on their Dependencies on Contexts
"Recently, ontology attracts attention as a fundamental technology for knowledge system, and many ontologies have been developed in various domains such as bioinformatics, medicine, engineering and so on. The authors also are involved with ontology developments in several domains. This article discusses some way of thinking to develop well organized ontology thorough the experiences of ontology developments.",10025992144,Domain Ontology Developments and their Utilization
"This article discusses some methods for a systematization of cadastral information as a knowledge infrastructure to promote effective use of them from two approaches. One approach is ontological engineering and the other is Linked Open Data (LOD). Ontologies clarify concepts that appear in the target domains and provide methods to systematize knowledge in a format which are readable for both of human and machine. Therefore, they contribute to improvement of interoperability of cadastral information. On the other hand, Linked Open Data is a technique to publish data on the Web. It provides a method for linking data each other and aims to create a new value through the linked data. To link cadastral information with other open data could promote useful use of them.",10031173611,Towards a Systematization of Cadastral Information : A Consideration from Ontological Engineering and Linked Open Data
"In the recent material research, much work aims at realization of ""functional material"" by changing structure and/or manufacturing process with nanotechnology. However, knowledge about the relationship among function, structure and manufacturing process is not well organized. In this study, we aim to develop a modeling framework of functional structure and manufacturing process including the relationship. We also aim at building an editing system for Function-Manufacturing Process Integrated Knowledge which is based on this framework. In addition we investigate effects and problems of the framework and the system through some real examples.",110002695045,Development of Editing System for Function-Manufacturing Process Integrated Knowledge of Nano-Material base on Ontological Engineering
,110002806453,ロール・関係概念理論に基づくオントロジー記述環境の開発と利用に関する研究 : オントロジー・設計支援(<特集>「人工知能分野における博士論文」)
,110002809485,A Present State of Ontology Development Tools
,110002892699,A consideration of relationship in an enviroment for building and using ontologies
,110002894415,A method for articulation of role concepts in ontologies
"In the recent material research, much work aims at realization of ""functional material"" by changing structure and/or manufacturing process with nanotechnology. However, knowledge about the relationship among function, structure and manufacturing process is not well organized. In this study, we aim to develop a modeling framework of functional structure and manufacturing process including the relationship. We also aim at building an editing system for Function-Manufacturing Process Integrated Knowledge which is based on this framework. In addition we investigate effects and problems of the framework and the system through some real examples.",110003205635,Development of Editing System for Function-Manufacturing Process Integrated Knowledge of Nano-Material base on Ontological Engineering
"To describe and use knowledge (instances model) based on ontology, it is necessary to consider behavior of instances and manage them adequately based on their consideration. Instances of the role concept especially have various characteristics which to be investigated such as appearance and disappearance depended on their context and players, the reusability among different players, and identity of them. This article discusses these problems based on the role theory with the aim of establishing a theoretical framework to manage instances.",110006423079,The Appearance/Disappearance Problem of Instances on the Role Theory
,110007658018,Classification and Trend Analysis of Utilization of Ontology(<Special Issue>Ontology: Recent Progress and Dissemination (2))
,110009554594,"OS-13 Linked Dataとオントロジー(オーガナイズドセッション報告,<特集>2012年度人工知能学会全国大会(第26回))"
"韓国の小学校国語科が,加納らが定義した情報リテラシーの要素である「解釈、意味の付与」,「分析、判断」,「表現」,「伝達」の4つの要素をそれぞれどの程度含んでいるかを分析した。その結果,3,4年で,「解釈、意味の付与」の指導を充実した後に,5,6年で「分析、判断」,「表現」,「伝達」の指導に重点を移していくカリキュラムであることがわかった。また,複数のメディアを活用した表現や「オンライン対話能力」の育成なども国語科の「内容成就規準」に示している点が特徴的であった。",110009801185,"9E03 韓国における情報リテラシー教育(情報教育と情報リテラシー,一般研究)"
"本稿では台湾の情報リテラシー教育の概要を紹介し,我が国も台湾と同様に小学校3年生あたりから,体系的に情報リテラシーを学ぶカリキュラムが必要であろうという示唆を得た。",110009801186,"9E04 台湾における情報リテラシー教育(情報教育と情報リテラシー,一般研究)"
,110009884659,オープンデータ活用のためのセマンティック技術(<特集>編集委員会企画-社会とAIの羅針盤2015-)
"本稿では,「情報」を「現象や事象等すべての存在に意味を付与して伝達するもの」と定義し,「情報的な見方・考え方」とは,「様々な現象や事象等を解釈し意味を付与し,場面に応じて適切に判断・処理する見方・考え方」と定義し,「情報リテラシー」とは,「情報的な見方考え方を身につけ,現象や事象等を適切に解釈し意味を付与し,分析し,判断し,表現および伝達する能力」と定義した。そして,文部科学省検定教科書高等学校「情報」の用語についてKH Coderを用いて分析を行った結果,頻出キーワードは情報,インターネット,通信,データ,コンピュータ等であり,用語の出現パターンより共起ネットワーク図を作成し,「情報とメディア」「情報通信ネットワーク」「ディジタル情報の表現と活用」「情報モラル」の4領域の用語に分類された。",110009903915,Term Analysis of the High School Textbook on Information in Japan
"本研究は代表的なSNSの一つであるFacebookを対象にして,SNSユーザーが身につけるべき情報リテラシー教育について考察をしたものである。Facebookの各設定機能を設定するために必要となる情報リテラシーを検討した結果,「(1)SNSにアップロードする情報の内容を吟味し,その内容に適切な公開範囲の判断能力。」,「(2)パスワードを見破られる確率を計算にいれながら,強度や変更期間,多重パスワードの設定等の必要性を判断する能力」,「(3)ドメイン名に関する知識をもとに公開範囲を判断する能力」,「(4)パスワードの再発行手続きを理解し,自分のアカウントが乗っ取られる可能性を生じさせない条件について理解する能力」,「(5)他者による不正アクセスの有無を確認する方法について理解する能力」,「(6)他人からの自分のタイムラインへの掲載情報をコントロールする能力」,[(7)自分や友達が使用しているアプリが自分の情報を取得できる可能性を知り,その提供の可否を適切に判断する能力」の7つの情報リテラシーが必要となることが,わかった。",110009903916,Consideration of abilities of Information Literacy that SNS Users should get.
"インターネットの普及による膨大な情報の流通に加え,タブレットやスマートフォンといった情報機器の多様化が急速進んでいる現代社会において,世の中にあふれる情報を適切に扱うことができる情報リテラシー教育の重要性は高まっている。しかしながら,情報リテラシーに関する共通認識や統一的な定義は十分には得られているとは言えない状況にあり,関連する諸概念を体系的に整理することが重要な課題となっている。本研究では,概念の体系化に広く用いられているオントロジー工学の手法を用いて,情報リテラシーに関わる概念を体系化したオントロジーを構築することを目指す。本稿では,その予備的な考察として,オントロジーを構築するにあたっての基本的な考え方と,情報リテラシーの概念化の基本方針を考察した。その結果として,「情報に関する行為」を中心として概念化し,具体的な行為を捉えるときに必要な観点を表す属性を導入することで,様々な観点を適切に分離して整理・体系化するという方針を示す。",110009903917,An Basic Consideration for Building an Information Literacy Ontology
"プログラミングは,情報科学を理解する上で最も基本的な技能の1つである。昨今情報系の科目を持つ大学は,文系理系を問わず多く存在し,その科目の中には少なからずプログラミングに関する講義や演習が含まれている。テキストベースのプログラミング言語を用いた学習は,ソフトウェア開発にあまり興味のない初心者の学習にとってその習得はかなり困難な場合があり,道半ばにして諦める学生も存在する。本研究では,大学生に向けたプログラミング学習の初期教育を円滑に進めるための教育支援システムについての検討を行い,その検討にもとづいて作成したプログラミング環境とその検証について述べる。",110009903918,"3A2-C4 プログラミング初等教育を円滑に進めるための教育支援システムの検討(タブレット・スマホ時代の情報リテラシー・情報モラル教育,課題研究,学びの原点への回帰-学習の質を高める科学教育研究-)"
"スマートフォンを所有する子供が増加し,ゲーム機や音楽プレーヤーからもインターネット接続ができるようになった。このような情報通信機器使用の低年齢化を加味すると,小学校から情報リテラシーを学ぶ必要があると考え,小学校から高等学校までの12年間で学ぶことを想定した情報リテラシーのオントロジーを構築した。デベロプメンタル・ディスカッションによる手法を用い,情報リテラシーを「情報通信技術」,「情報システム」,「問題解決」,「情報分析」,「情報モラル」,「情報の歴史」,「情報機器の操作」の7つに分類した。本稿では「情報の分析」分野に関するオントロジーを示し,情報分析分野における小学校での指導例を提案する。",110009905543,3A1-E1 Construction of Ontology on Information Literacy--Information Analysis Field--
"インターネットの普及による膨大な情報流通と,ゲーム機,タブレット,スマートフォンといった情報機器の多様化が進んでいる現代の情報社会において,小学校から高等学校までの12年間を通した体系的な情報リテラシー教育が重要と思われる.本研究では,そのような小中高と一貫した情報リテラシー教育の目標設定を行うための基盤として,「情報通信技術」,「情報システム」,「問題解決」,「情報分析」,「情報モラル」,「情報の歴史」,「情報機器の操作」の7分野からなる情報リテラシーオントロジーの構築を進めている.本稿では,「問題解決」,および「情報システム」分野に関するオントロジーを示し,問題解決分野における小学校での指導例を提案する.",110009905544,"3A1-E2 An Ontology of Information Literacy on ""Problem Solving""and""Information System"""
"本研究では,情報リテラシーを「情報的な見方考え方を身につけ,現象や事象等を適切に解釈し意味を付与し,分析し,判断し,表現及び伝達する能力」と定義し,現在高等学校でしか体系的に学ぶことがない情報に関する教育を,情報リテラシーとして小学校から継続的かつ体系的に学習するために必要となる学習分野を分類し,オントロジーを構築した。本稿では,特に「情報通信技術」および「情報の歴史」分野のオントロジーについて延べ,それに基づく指導例を示した。",110009905545,"3A1-E3 An Ontology of Information Literacy on""Information and Communications Technologies"""
"本研究では,情報リテラシーを「情報的な見方考え方を身につけ,現象や事象等に適切に解釈し意味を付与すし,分析し,判断し,表現及び伝達する能力」と定義した。情報リテラシー教育を体系的に行うためには、その内容を明確化する必要がある。本研究では高等学校「情報」の文部科学省検定教科書の用語からオントロジーを構築し、情報リテラシーの各用語のバックグラウンドにある暗黙的な情報を明示した。本稿では,特に「情報モラル」分野のオントロジーを示すとともに、小学校における指導例を示した。",110009905546,"3A1-E4 An Ontology of Information Literacy on ""Information Ethics"""
"本稿では,情報リテラシーの7分類「情報通信技術」「情報システム」「問題解決」「情報分析」「情報モラル」「情報の歴史」「情報機器の操作」のうち,「情報機器の操作」分野に関するオントロジーの構築について報告する。",110009905706,3G2-K1 Construction of the Ontology on Information Literacy :Operation of a Computer Field
,110009985456,特集「Linked Dataとセマンティック技術」にあたって
,110010000821,"OS-8 Linked Dataとオープンデータ活用(オーガナイズドセッション,<特集>2015年度人工知能学会全国大会(第29回))"
,110010016803,The Establishment of Special Interested Group on Artificial Intelligence in Medicine (SIG-AIMED)(Special Interest Group Report)
"Is-a hierarchies form the foundation of ontologies. That is, is-a hierarchies in an ontology reflect how the ontology captures the essential conceptual structure of the target world. Therefore, in ontological theories, an is-a hierarchy should be single-inheritance because the essential property of things cannot exist in multiple. However, we cannot avoid multi-perspective issues when we build an ontology because the user often want to understand things from their own viewpoints. In order to tackle this multi-perspective issue, the authors take an approach of dynamically generating is-a hierarchies according to the viewpoints of users from an ontology using single-inheritance. This article discusses a framework for dynamic is-a hierarchy generation with ontological consideration on is-a hierarchies generated by it. Then, the author shows its implementation as a new function of Hozo and its applications to a medical ontology for dynamically generation of is-a hierarchies of disease. Through the function, users can understand an ontology from a variety of viewpoints. As a result, it could contribute to comprehensive understanding of the ontology and its target world.",120005198544,Dynamic Is-a Hierarchy Generation based on Viewpoints
"Abnormality has been cross-cutting issue because of highly heterogeneous knowledge. We structured ontological model of abnormal states from generic to domain specific level. We propose unified form to describe an abnormal state as ""property"", and then divide it into ""attribute"" and ""value"" in qualitative form. This approach contributes to promote the interoperability and flexibility of quantitative raw data, qualitative information, and generic/abstract knowledge.",120006675324,"An Ontological Modeling Approach for Abnormal States : Interoperability of quantitative data, qualitative information, and knowledge"
"In the recent materials research, much work aims at realization of ``functional materials'' by changing structure and/or manufacturing process with nanotechnology. However, knowledge about the relationship among function, structure and manufacturing process is not well organized. So, material designers have to consider a lot of things at the same time. It would be very helpful for them to support their design process by a computer system. In this article, we discuss a conceptual design supporting system for nano-materials. Firstly, we consider a framework for representing functional structures and manufacturing processes of nano-materials with relationships among them. We expand our former framework for representing functional knowledge based on our investigation through discussion with experts of nano-materials. The extended framework has two features: 1) it represents functional structures and manufacturing processes comprehensively, 2) it expresses parameters of function and ways with their dependencies because they are important for material design. Next, we describe a conceptual design support system we developed based on the framework with its functionalities. Lastly, we evaluate the utility of our system in terms of functionality for design supports. For this purpose, we tried to represent two real examples of material design. And then we did an evaluation experiment on conceptual design of material using our system with the collaboration of domain experts.",130000097882,Development of a Design Supporting System for Nano-Materials based on a Framework for Integrated Knowledge of Functioning-Manufacturing Process
"Descriptions of attribute and quality are essential elements in ontology developments. Needless to say, science data are description of attributes of target things and it is an important role of ontology to support the validity of and interoperability between the description. Although some upper ontologies such as DOLCE, BFO, etc. are already developed and extensively used, a careful examination reveals some rooms for improvement of them. While each ontology covers quality and quantity, the mutual interchangeability among these ontologies is not considered because each has been designed intended to develop a ``correct'' ontology of quality and quantity. Furthermore, due to variety of ways of data description, no single ontology can cover all the existing scientific data. In this paper, we investigate ``quality'' and ``value'' from an ontological viewpoint and propose a conceptual framework to deal with attribute, property and quality appearing in existing data descriptions in the nanotechnology domain. This framework can be considered as a reference ontology for describing quality with existing upper ontology. Furthermore, on the basis of the results of the consideration, we evaluate and refine a conceptual hierarchy of materials functions which has been built by nanomaterials researchers. Through the evaluation process, we discuss an effect of the definition of a conceptual framework for building/refining ontology. Such conceptual consideration about quality and value is not only the problem in nanomaterials domain but also a first step toward advancement of an intelligent sharing of scientific data in e-Science.",130000308084,A Consideration of Quality-Attribute-Property for Interoperability of Quality Data  A Case Study of Quality Description in Nanomaterial Domain:A Case Study of Quality Description in Nanomaterial Domain
"Recently, ontology has attracted attention as an important technology for knowledge infrastructure and semantic processing, and a lot of ontologies have been constructed in various domains. At the same time, ontological theories, technologies, and ontology engineering tools have been developed by not only researchers but also practitioners. We also have been investigating ontological theories and developed a computer environment for building/using ontologies named ``Hozo'' which is based on the ontological theory of roles. Hozo has been used for practical ontology construction in various domains such as clinical medicine, bioinformatics, environmental engineering and so on. These practices of ontology development have raised many issues of ontology construction and utilization in both theoretical and technical points of view. We have solved them by extending our theories and functions of the system. It means we refined usability and reliability of Hozo through these practical experiences. In this paper, we focus on theoretical issues of ontology construction and discuss some extensions of ontological theories concerning representation of multiple inheritance and instances. First, we introduce IS-A relation which represents a relation weaker than is-a relation in the sense that it prohibits inheritance of identity, and we allow users to represent multiple inheritance using not usual strong is-a relation but IS-A relation. Then we investigate the validity of the representation using IS-A through ontological analysis of three utilization patterns of it. Next, we introduce two kinds of new representation of instances: ``simplified instance representation'' and ``#-(species) operator''. Users can use these representations for referring to instances in concept (class) definitions. These theoretical extensions would contribute to well-organized construction of ontologies in practical ontology engineering.",130000455454,An Extension of the Environment for Building/Using Ontologies Hozo'' toward Practical Ontology Engineering - Focused on Theoretical Issues
"Through the spread of ontological engineering, many technologies and software tools for ontology construction have been developed. By using them, many ontologies have been constructed in various domains. On these backgrounds, we have been developing an ontology engineering environment ""Hozo"" and using the tool to construct a lot of ontologies in various domains such as medical science, bioinformatics, nano-technology, education, environmental engineering and so on. Through these practical experiences, we have noticed many issues concerning ontology construction and have solved them by enhancing the ontological theories and technical functions of Hozo. The number of items of improvements amounts to 72 in both theoretical and practical issues. This paper focuses on the practical issues and presents the improved functions of Hozo. They are grouped into three kinds: 1) issues in the ontology design/construction phase, 2) ones in the ontology utilization phase, and 3) ones in the ontology refinement phase. We discuss requirements to solve the practical issues in each phase and demonstrate improved functions of Hozo. Then, we consider how those functions have been useful for ontology construction through actual uses in six ontology development projects and evaluation experiment of usability of Hozo. Through these extensions, usability and reliability of Hozo has been improved.",130000455455,"An Extension of the Environment for Building/Using Ontologies ""Hozo"" toward Practical Ontology Engineering - Focused on Practical Issues"
"<i>Is-a</i> hierarchies form the foundation of ontologies. That is, <i>is-a</i> hierarchies in an ontology reflect how the ontology captures the essential conceptual structure of the target world. Therefore, in ontological theories, an <i>is-a</i> hierarchy should be single-inheritance because the essential property of things cannot exist in multiple. However, we cannot avoid multi-perspective issues when we build an ontology because the user often want to understand things from their own viewpoints. In order to tackle this multi-perspective issue, the authors take an approach of dynamically generating <i>is-a</i> hierarchies according to the viewpoints of users from an ontology using single-inheritance. This article discusses a framework for dynamic <i>is-a</i> hierarchy generation with ontological consideration on <i>is-a</i> hierarchies generated by it. Then, the author shows its implementation as a new function of Hozo and its applications to a medical ontology for dynamically generation of <i>is-a</i> hierarchies of disease. Through the function, users can understand an ontology from a variety of viewpoints. As a result, it could contribute to comprehensive understanding of the ontology and its target world.",130001885112,Dynamic <i>Is-a</i> Hierarchy Generation based on Viewpoints
本論文ではナノテクノロジー材料合成プロセス知識の体系的記述を目指して，機能的知識共有枠組みを適用する，材料合成プロセスの機能分解木を記述する．これらの過程を通して枠組みの課題と効果について考察する．,130004653386,ナノテクノロジー材料合成プロセスに関する機能的知識の体系的記述の試み
本論文ではナノテク材料知識の構造化を目指して、製品の機能のパラメータとそれに用いられている材料の特性との関連を考察し、この過程を通して材料の特性と機能をオントロジー工学に基づき考察する。,130004653640,知識構造化のためのナノテク材料の特性と機能に関するオントロジー的考察
オントロジー構築において概念の峻別は重要な課題であり，その種類に応じた概念の組織化が求められる．本研究はロール概念に注目し，コンテキスト依存性に基づく組織化手法の提案と，その実行支援環境の開発を目指す．,130004653712,オントロジーにおけるコンテキストに依存する概念の取り扱い
<b>オントロジー構築・利用環境「法造」</b>をSemantic Webアプリケーションの開発に向けて拡張を行う．さらに「法造」で構築したオントロジーを，既存のSemantic Webアプリケーションで利用し，その性能を確かめる．,130004653753,Semantic Webアプリケーションの開発に向けたオントロジー構築・利用環境「法造」の拡張
本論文では従来の機能的知識共有枠組みを拡張した，機能・製造プロセス知識統合的記述枠組みとそれに基づく記述システムを開発し，ナノテク材料知識への適用した効果と記述システムの利用例について考察する．,130004653797,機能・製造知識統合的記述システムの開発とナノテク材料設計支援への展開
本研究は、医療知識構造化の基盤となる臨床医療オントロジーの構築に関し、異常および人体構造などの疾患定義に必要な主要概念を中心にオントロジー工学基礎理論に基づいた基礎的な考察を行なう。,130004654089,臨床医療オントロジーの構築に関する基礎的な考察
本論文では、オントロジーの俯瞰を目的として開発した、注目している視点に応じてオントロジーから知識を抽出し、内容を把握しやすい概念マップ形式で表示する概念マップ生成ツールについて、知識の抽出方法を中心に議論する。,130004654090,オントロジー俯瞰のための概念マップ生成ツールの開発
本論文では，ナノテク材料に関する知識を例として，機能，性質，特性といった概念について，オントロジー工学に基づいた考察を行う．さらに，これらの考察結果を知識の構造化システムに適用し，その効果について検討する．,130004654134,知識構造化システムにおける機能と性質に関するオントロジー的考察
本発表では、ロール概念のインスタンスの生成・消滅の取り扱いを中心としたオントロジーに基づくインスタンス管理問題の考察を通し、構成ロールの導入、ロールホルダー階層の構築などロール理論の洗練を行う。,130004654135,インスタンス管理問題におけるロール理論の洗練
本研究は，OWL（Web　Ontology Language）を用いたロール概念表現モデルについて考察し，それに基づいて，法造オントロジーで取り扱われるロール概念をさまざまなレベルでOWLに出力する技術を提供する．,130004654181,OWLを用いたロール概念表現モデルに関する考察
本発表ではSemantic Web技術を利用した応用システムに関する研究動向を，オントロジー工学的な観点から分析・考察し，現状のSemantic Web応用研究の課題と将来の展望について議論する．,130004654182,オントロジー工学的観点に基づくSemantic Webアプリケーションの傾向分析
"Publishing open data as linked data is a significant trend in not only the Semantic Web community but also other domains such as life science, government, media, geographic research and publication. One feature of linked data is the instance-centric approach, which assumes that considerable linked instances can result in valuable knowledge. In the context of linked data, ontologies offer a common vocabulary and schema for RDF graphs. However, from an ontological engineering viewpoint, some ontologies offer systematized knowledge, developed under close cooperation between domain experts and ontology engineers. Such ontologies could be a valuable knowledge base for advanced information systems. Although ontologies in RDF formats using OWL or RDF(S) can be published as linked data, it is not always convenient to use other applications because of the complicated graph structures. Consequently, this paper discusses RDF data models for publishing ontologies as linked data. As a case study, we focus on a disease ontology in which diseases are defined as causal chains.",130004927345,Publishing Linked Open Data from a Disease Ontology toward a Knowledge Infrastructure
,130005022937,Design of a guide system for building ontologies which is based on a consideration of domain role concepts:&sim;regarding an oil refinery plant&sim;
,130005023077,Ontology-based construction of a model using &ldquo;HOZO&rdquo;
本研究は，オントロジーを用いたシステムの事例として，語彙階層を中心とした軽量オントロジーを用いてWebコンテンツを統一的に管理する簡易システムの開発を行い，それをナノテクノロジー知識のコンテンツ管理に適用する．,130005023269,軽量オントロジーを用いた簡易型Webコンテンツ管理システムの開発
本研究は，より高度なオントロジー構築支援に向け，これまでオントロジー構築・利用環境「法造」が扱ってきたロール概念が持つ性質を，W3Cで標準化が進められているオントロジー記述言語OWLやルール記述言語SWRLで扱うことを目指す．,130005023281,OWLとSWRLを用いたロール概念の取り扱いに関する一考察
本論文では，方式知識蓄積や過去の設計過程の保存機能を持つ，設計支援システムを開発し，実在する材料の設計過程を本システムで再現することで，本システムにおける設計支援方法やその効果について述べる．,130005023282,方式知識蓄積機能・過去の設計過程の保存機能を用いた統合的設計支援システムの開発
,130005058791,情報科学分野（知識処理・セマンティックWebとオントロジー）における国際会議の比較―国際会議参加を通した研究コミュニティの形成の勧め
"Finding useful information has been known as an old and new problem. It becomes more serious in biomimetics which is a typical interdisciplinary field. Engineers in biomimetics are struggling with finding innovative ways of developing new functions by mimicking those already realized by some organisms. The problem here is engineers are not familiar with biology, and hence it is very hard for them to get useful information about such organisms that might fulfill their needs. This article discusses an advanced thesaurus to help them find such useful information stored in biological databases. It is called Ontology-Enhanced Thesaurus (OET). OET is developed intended to bridge the gap between engineers' needs and biological data by introducing ontology which is a system of abstract and general concepts. OET helps engineers find appropriate keywords for their needs by allowing them to explore the keyword space spanned by the ontology.",130005089820,Ontology-Enhanced Thesaurus : Towards advanced information retrieval for idea creation
"Linked Data is a promising technology for knowledge integration on the web. Many research groups have developed ontologies and terminologies, and recently, they have published a wide variety of Linked Data in the biomedical domain. We have systematized an ontology of abnormal states in the definition of diseases. For effective use of existing biomedical data, one of the difficulties is a conceptual discrepancy rather than a superficial one since data are heterogeneous. This article focuses on knowledge integration with Linked Data in terms of abnormal states. First, we discuss ontological issues of reusing and integrating knowledge of abnormal states in existing biomedical resources. Next, we introduce our ontology of abnormal states. By using our ontology and making explicit the meaning of each concept, we show a solution for the integration. Then, applying a Linked Data technology, we introduce a prototype system to link our ontology as a hub of existing resources across species. In cooperation with disease ontology, we demonstrate finding commonality of causal relationships of abnormal states between diseases across clinical departments. Our approach will bring benefits to fill the gap between basic research and clinical medicine, and contribute to disease knowledge integration of good practice.",130005118945,Towards the Integration of Disease Knowledge with Abnormality Ontology Derived Linked Data
"Biomimetics contributes to innovative engineering by imitating the models, systems, and elements of nature. Well-known examples of biomimetics include paint and cleaning technologies that imitate the water repellency of the lotus, adhesive tapes that imitate the adhesiveness of gecko feet, and high-speed swimsuits that imitate the low resistance of a shark's skin. These results integrate studies on the biological mechanisms of organisms with engineering technologies to develop new materials. Facilitating such biomimetics-based innovations requires integrating knowledge, data, requirements, and viewpoints across different domains. Researchers and engineers need to develop a biomimetics database to assist them in achieving this goal. Because ontologies clarify concepts that appear in target domains, we assume that it is important to develop a biomimetics ontology that contributes to improvement of knowledge interoperability between the biology and engineering domains. Furthermore, linked data technologies are very effective for integrating a database with existing biological diversity databases. On the basis of these observations, we developed a biomimetics ontology and keyword exploration tool based on linked data techniques. The tool allows users to find important keywords for retrieving meaningful knowledge from various biomimetics databases. Such a technique could support idea creation by users based on a biomimetics ontology. This paper describes a prototype of our proposed biomimetics ontology and keyword exploration tool.",130005118950,A Keyword Exploration based on a Biomimetics Ontology and Linked Data
"In order to promote information sharing of electronic medical data, standardization efforts have been made intensively these years. A wide variety of entities included in medical information requires a knowledge infrastructure system of a capability of dealing with semantics of them. In order to provide such a knowledge infrastructure, we have conducted a Japanese medical ontology project and have defined diseases in terms of abnormal states together with an anatomical ontology. In this study, we have developed an abnormality ontology in a three-layer hierarchical structure which provides a flexible representation framework to guarantee consistent representation of various clinical abnormal states. Our ontology is expected to contribute to providing clinical terminologies or standardized vocabularies with a basic backbone for a better understanding of the essentials of abnormal states in diseases and sharing higher level knowledge.",130005148393,Development of Abnormality Ontology in Diseases
近年，科学計量学等での活用を目的にさまざまな科学技術用語シソーラスの構築が進められている．しかし，人手での整備には多大なコストと時間を必要とするため，自動，半自動的な構築・改訂手法の研究が盛んに行われている．そこで本論では，人手で十分に整備された情報がない新興・先端学術分野においても適用できるよう，文献抄録に書かれた自然文を入力としたシソーラス拡充手法を提案する．具体的には，近年，進展が目覚ましい単語の分散表現を活用し，新語を既存シソーラス階層内に適切に位置づける手法を検討する．実験では，医療系論文56.7万編から500次元の単語ベクトルを構築した上で，主成分分析による次元削減とクラスタリングを行った上で，既存シソーラス用語と新語との空間的な位置関係から意味的な関係性を推定した．そして，専門の作業者3名による結果と比較し，3-Bestで再現率80%以上であることを確認した．今後は，作業者への新語追加位置推薦システムを構築することでシソーラス拡充手法の半自動化を図っていきたい．,130005164873,Fertilizing Science and Technology Thesaurus from Bibliographic Datasets using Word Embedding
"<p>Scientometrics based on large-scale bibliographic datasets has been actively investigated for an understanding of research activities and the establishment of science and technology policies. Thus, thesauri for science and technology information are increasingly used to search, classify and make clusters of articles, patents, and research data. Japan Science and Technology Agency (JST) constructed and is continuously maintaining such a thesaurus since 1975; then, this time, converted the JST thesaurus and the associated dictionary, including approximately 245,000 concepts to Linked Data of Resource Description Framework, a W3C standard format and made publicly available on the Web for a limited period. In this paper, we first describe the outline of the JST thesaurus and the associated dictionary followed by features and advantages of the Linked Data version. Then, we discuss the role of the JST thesaurus as the top-level ontology, which connects several domain-specific ontologies. We also introduce our activity for ontologically rearranging the relationship among concepts in a life-science category. Finally, semi-automatic maintenance of the thesaurus using natural language processing is proposed as future work.</p>",130005396365,Linked Data for JST Science and Technology Thesaurus: For construction of knowledge infrastructure that links science and technology information
"<p>Ontologies are currently constructed in various fields, such as life sciences, medical information, and sustainability science. These ontologies are used as knowledge bases and knowledge models for application systems. However, it is difficult to build high quality ontologies due to the necessity of having both knowledge of ontology and expertise in the target domain. Therefore, ontology construction and maintenance costs considerable time and effort. To reduce such costs, we developed an ontology refinement support method. To test and confirm this refinement method, we focused on the guideline for building well-organized ontologies that"" Each subclass of a super class is distinguished by the values of exactly one attribute of the super class. ""Then, we discovered that there is a similarity between is-a hierarchies when an ontology is built following this guideline and made the hypothesis that, if subclasses are not classified by one attribute, there are consistency errors in the ontology that can be automatically fixed by a comparison method of is-a hierarchies. To test this hypothesis, we conducted an experiment to evaluate the refinement method. We asked nine experienced evaluators to build the ontology and used 150 refinement proposals. As a result, we found that at most 90% of the refinement candidates could be further refined and that at most approximately 50% of the refinement proposals are appropriate to apply to ontologies.</p>",130005399517,A Refinement Method to Improve Ontology Quality based on a Comparison of Concept Hierarchies
<p> 医療情報システムを高度化する知識基盤として，医療オントロジーの構築が進められてきた．オントロジーは人工知能分野において，対象世界をどのように捉えたかを明確化し，知識を体系化する役割を果たす．また生命科学分野などにおいては，様々なデータを統合し相互利用を促進するための基盤として，各領域のオントロジーが構築されている．本セッションでは，このような知識基盤としてのオントロジーの構築と利活用について，医療情報・人工知能・生命科学など関連するそれぞれの観点から，現状や動向を紹介いただくとともに，今後の展望について議論する．</p>,130005966728,Panel on Medical Ontology: State of Art and Future Perspective
"<p>LOD (Linked Open Data) is wildly used as a method to publish open data on the Web with linkages between each other. Many communities make effort to spread LOD. In Japan, there are not only research communities in several domains but also domain independent activities for promoting LOD. As an example of such activity, this article mainly focuses on LOD hackathon Kasai and introduces some applications of LOD developed through such community activities from viewpoints of ""linkages"" between ideas, data, technologies.</p>",130006234952,"""Linkages"" between Usages of LOD through Community Activities -Thorough LOD Hackathon Kansai as an Example-"
"<p>Nowadays, ontologies as basic information technology are constructed in various domains such as medical information, engineering design, automated vehicles, and environmental issues. The quality of these ontologies, which serve as the base of domain knowledge, is a critical issue in determining the performance of application systems. Therefore, a number of guidelines for ontology construction have been proposed so far, and some ontology construction and refinement methods have implemented in support systems. In this study, we propose a new method that focuses on sibling relations in is-a (subclassOf) hierarchy in addition to super-sub relations. Then, we implement it into a new ontology-construction support system. In our previous study, we developed a comparison method that focused only on super-sub relations. Our new refinement method ensures not local but comprehensive is-a hierarchy. Evaluation was performed as follows. On five ontologies, five beginners and twelve experts of ontology construction used the new system to test the applicability of suggestion from the system. We evaluated 108 refinement points that were randomly extracted from the suggestions. As a result, 105 points out of 108 points (97%) were judged to be refined by beginners, and 88 points out of 108 points (81%) were judged to be refined by experts. Thus, this test proved the effectiveness and usefulness of our proposed method.</p>",130006415583,An Ontology Quality Refinement System based on Comparison of Comprihensive Hierarchies following Each Property
"<p>In the field of sustainability science and environmental studies researchers and stakeholders in various fields deal with common problem areas. It is necessary to establish the method to facilitate designing the framework for problem solving towards sustainable society through explicating and sharing mutual relationships between pieces of knowledge. This paper focuses on supporting the construction of causal logics between pieces of knowledge in the field of sustainability science and environmental studies, and develops the tool fulfilling such requirements and specifications. We first discuss the method for assessing logical consistency between a goal and an issue or a solution. Second, we design the specification of the supporting tool for exploring and extracting causal logics and pieces of knowledge based on ontology engineering. Third, we attempt to represent relationships between instances in sustainability science and environmental studies through class concepts structured by an ontology by means of the supporting tool. Fourth, we examine how differences of concepts focused on each of academic domains change the way to recognize and understand problem areas through the visualization by means of the supporting tool. Fifth, we assess the relationships between goals and issues or solutions by generating and representing causal logics actually. Finally, through this experiment process we discuss the specifications to apply this tool to these fields. The developed tool is published on http//:www.hozo.jp and the used ontology can be checked onhttp://env-ss.hozo.jp/.</p>",130006730828,Development of the Supporting Tool for Constructing Causal Logics between Pieces of Domain Knowledge in the Field of Sustainability Science and Environmental Studies
<p>近年，オントロジーを利用した応用研究が多く見られるようになった．本発表では，それらのオントロジー利用研究ついて，オントロジー工学に携わる研究者の立場から分類すると共に，その傾向の分析や今後の展望について議論する．</p>,130007421175,オントロジー工学的立場から見たオントロジー利用研究の分類と考察
<p>材料開発において重要なものの１つに材料種の選択がある．本論文では，オントロジー工学に基づき材料の機能構造や製造プロセスの属性と材料種の属性との繋がりの観点から，材料種選択支援の枠組みの開発を行う．</p>,130007421312,ナノテク材料設計支援のための材料種選択支援の枠組みの開発
<p>近年，様々なオントロジーが構築されており，それらを利用した応用アプリケーションの開発が進められている．アプリケーションを開発する上で，開発者が求める情報をオントロジーから抽出することは重要である．本研究では，開発者の目的に応じた情報を適切に抽出するための多段階展開型オントロジー内概念検索手法を提案する．さらに，提案手法によるプロトタイプシステムの開発とLOD検索への適応の検討を行った．</p>,130007421515,多段階展開型オントロジー内概念検索システムの試作
,130007421553,自治体広報情報のRSSに基づく地域課題分析の試み
"<p>We developed a software tool to supprt editing of large-sized data with highly structured data schema representing context dependency of ontology concepts. The software tool provides functions of bulk editing of Hozo-formatted ontology data with spreadsheet program like operation. This tool is also useful for ontology refinement to improve consistency of data structure from upper classes to instances. As the recent progress of open data activity, improvement of data access methodologies to extremely large-sized and variety of open data becomes expected. This study provide a methodology of the efficient construction of large-sized data with complicated structure such as context dependency and viewpoint conversion, which may contribute to improve utility of open data across domains.</p>",130007421599,A data editing support tool for large-sized ontology data with context dependency
<p>生物をシステムとして理解するために、大量かつ多種多様な生物の表現型データを統合的に解析する方法論が課題となっている。このためには、属性、性質値などの性質概念を高度に整理統合するオントロジーが必要である。我々は、上位オントロジーであるYet Another More Advanced Top-level Ontology　(YAMATO)に基づき、多様な生物データを統合するフレームワークを提唱する。</p>,130007421872,上位オントロジーに基づいた生物表現型データ記述の考察
<p>近年、｢生物多様性｣に学んで新しい技術規範を体系化したバイオミメティックス（Biomimetics）研究が進められている。その実現には種々の異分野データと知識を、様々な分野の研究者が領域横断的に利用できるデータベースが必要である。本発表ではその中核となるバイオミメティックス・オントロジーの、専門文書のテキストマイニングとLinked Open Dataを用いた半自動的な大規模化について考察する。</p>,130007421892,専門文書とLinked Open Dataを用いたバイオミメティクス・オントロジーの大規模化の試み
<p>本研究では，オントロジーの各概念階層の分類観点を表すスロット階層を中心として参照・被参照の関係にある概念階層を比較し，相似形とすることで品質向上につながる洗練手法を提案する．従来手法での局所的な提案とは異なり，分類観点に沿った概念階層全体を比較し洗練提案するため，ユーザは分類観点毎に概念階層全体の整合性を考慮しながら洗練提案の選択が可能となった．</p>,130007422089,分類観点に沿った概念階層全体の比較によるオントロジー品質向上手法の提案
<p>本研究ではIs-a階層の相似性を利用したオントロジーの内容洗練方法について考察する．一貫性のある観点で構築されたオントロジーでは，is-a階層が部分的に相似形となる部分が多く見られ，またその様に構築されていることが望ましいとされる．そこで本研究では，is-a階層の相似性を双方向に利用し，オントロジー構築者に概念またはスロットを追加するべき箇所の候補を提案することでオントロジーの内容洗練支援を行う．</p>,130007422093,Is-a階層の相似性を双方向に利用したオントロジー内容洗練方法の考察
<p>臨床医学オントロジーを用いた応用システムは種々想定されるが，オントロジーに基づき医療知識を提供するシステムは基本的な応用の1つである．本研究はこの知識提供システム開発に共通する基盤技術について，コンテンツ・方法・メディア・ナビゲートから考察を行い，特に複数の分類階層を動的に生成する技術を中心に基盤技術の開発を行なった．加えてこの基盤技術を用い，医療知識ナビゲータのプロトタイプの開発を行なった．</p>,130007422201,オントロジーに基づく医療知識ナビゲータ
<p>オントロジーの品質は，それを利用する応用システムの能力に直結する重要な要素である． しかしオントロジーの品質を向上させるための洗練作業は，オントロジー構築の知識や経験が必要とされる．特に，オントロジーの定義内容の洗練は，初学者には困難な作業である．そこで本発表では，is-a階層の相似性を利用したオントロジーの定義内容洗練支援手法を提案する共に，その手法を実装したプロトタイプシステムを紹介する．</p>,130007422235,Is-a階層の相似性に基づくオントロジー内容洗練支援システムの試作
,130007422758,生物規範工学オントロジーにおける記述の詳細度とキーワード連想の関係の比較
<p>現在，自治体では各種社会課題の分類や要因分析，解決に向けた施策や効果に関するデータ整理が進められている．そこで，本研究ではこれらのデータのスキーマを整備し，構造化データを蓄積することで社会課題の分析基盤の構築を目指している．本論では，特に社会課題の因果関係を表すLinked DataをWeb情報や自治体データを基に半自動的に構築する手法を提案する．</p>,130007423235,社会課題における因果関係を表すLinked Dataの半自動的な構築手法の提案
<p>臨床医学オントロジーの内容を分かりやすく説明するために，自然言語でオントロジーの内容を表現する技術は重要である．そこで本研究は，臨床医学オントロジーを用いて，疾患概念の定義内容を自然言語で説明する「自然言語説明文生成機能」を基盤技術として開発した．そして，疾患名や症状から検索した疾患について，同じオントロジーから患者と医師に応じてその説明内容を切換えて提供する電子辞書を開発した． </p>,130007423473,臨床医学オントロジーに基づく医学電子辞書の自動生成
<p>専門領域のオントロジー構築・洗練には領域の専門家の協力が不可欠であるが，一般性の高いオントロジー記述は，領域の専門家にとっては対象の捉え方に概念的な隔たりがあり理解が容易ではない．本研究では，オントロジー構築者・利用者の関心や目的といった視点に応じてオントロジーを探索・可視化する概念マップツールを用いることで，このような概念的な隔たりを埋め，オントロジー構築や洗練を支援する枠組みについて考察する．</p>,130007423490,概念マップによるオントロジー構築・洗練支援に関する基礎的考察
<p>異常状態は，故障や不具合を扱う上で様々な分野を横断して扱うべき重要な概念 である．本研究では，異常状態に関する知識についてオントロジー工学に基づい た考察を行う．異常状態の属性，特性記述とそれに基づく階層構築の枠組みを汎 用レベルからコンテキスト依存レベルまで提案するとともに，その応用として， 臨床医学分野における疾患の多様な異常状態の記述への適用について検討する．</p>,130007423507,異常状態オントロジーとその応用
<p>生物が機能を実現する方法を多様に提示することで工学者の発想を支援するために、生物規範工学オントロジーの構築が進められている。本研究では生物の機能実現方法を中心にそのオントロジーを拡充し、提示できる実現方法を多様化した。また、その際の記述内容、順序、規約などを考察し、ガイドラインとしてまとめた。それによって生物規範工学オントロジーの記述が容易になり、さらに統一的な記述が可能になることが期待できる。</p>,130007423603,生物の機能実現方法に基づく発想支援のためのオントロジー構築とそのガイドラインの提案
<p>生物の多様性に学んだ発想支援のため，生物学と工学の両分野を横断した知識の体系化によるバイオミメティクス・オントロジーの構築が進められている．本研究では，多量な知識源からの半自動処理による効率的な大規模化を目指し，専門文書の解析とLOD技術の2つのアプローチからの拡充手法を提案する．本発表では，オントロジーに追加する概念間関係の種類の同定に着目した手法について述べる．</p>,130007423676,概念間の関係に注目した専門文書解析とLOD技術によるバイオミメティクス・オントロジーの大規模化の試み
<p>オントロジーにおいて定義内容の一貫性を保ちつつ概念定義をおこなった場合，参照関係にあるis-a階層同士が相似形になるという性質がある．本研究では，その性質に着目しオントロジーの概念定義の一貫性が崩れている箇所を検出し，その一貫性を向上させるような洗練方法を提案する手法を開発した．本発表では，評価実験を通した提案手法の妥当性についての考察を行う．</p>,130007423719,参照関係にあるis-a階層間の相似性を利用したオントロジーの一貫性向上手法の評価
<p>概念の特殊化の際に一貫性のある観点で構築されたオントロジーには，部分的にis-a階層が相似形となる部分が現れる．この性質を利用しオン トロジー内でis-a階層が非相似形になっている部分を検出し，オントロジー構築者に対して概念または概念参照の追加箇所を提案することでオ ントロジー内容洗練支援を行う．</p>,130007423936,オントロジー内のis-a階層の相似性に基づいた内容洗練システムの開発
<p>近年，生命科学分野では国際的な標準語彙体系が開発されている．本稿ではLinked Dataを用いた，これら標準語彙と我々の開発中の異常状態オントロジーとの対応付けによる横断的知識獲得について議論する．本研究は国際標準化対応による知識共有と相互運用への貢献と共に，諸外国利用者においても疾患に関して因果の見地から異常状態間の関係性把握を可能とし，周辺知識の横断的かつ体系的理解に貢献すると期待される．</p>,130007424322,生命科学系LODと異常状態オントロジーの統合
<p>オントロジー構築には対象領域に関する知識のみならず，適切な概念化を行う為のオントロジー工学的な考察や様々な技法が必要とされる．本研究では，3年間のプロジェクト研究における臨床医学オントロジー構築の実践を通して得られた知見を，他領域にも適用可能なオントロジー構築技法として一般化することを目指す．その結果は，オントロジー構築ガイドラインの一例として，より良いオントロジー構築に貢献することが期待される．</p>,130007424720,実践的オントロジー構築技法－臨床医学オントロジーを例として－
,130007424881,兄弟概念の分類観点に着目したオントロジー一貫性向上手法の開発
<p>複数のドメインからなる分野においては，ドメイン間の知識の関係性や，異ドメインの知識の理解が必要となるため，分野全体を統合的に理解することは難しい．そこで本論文では，ドメインの専門家による複数ドメイン知識の俯瞰を目的とし，利用者の興味のある視点に応じてオントロジーから知識を探索し，内容を把握しやすい概念マップ形式で表示するオントロジー探索ツールについて議論する．</p>,130007425249,ドメイン知識俯瞰のためのオントロジー探索ツールの開発
<p>疾患オントロジーの構築には臨床医学領域の知識とともに，オントロジー工学的観点からの考察が必要となる．我々はこれまで，疾患を連鎖の総体として捉えた概念化を行ってきた．本研究では，疾患の本質を捉えるために重要なバランス複合異常と，様々な疾患に共通してみられる汎用的な異常状態の連鎖について考察する．</p>,130007425279,疾患オントロジーにおけるバランス複合異常と汎用異常連鎖に関する考察
<p>生物多様性を規範とした「自然に学ぶものつくり」を目指すバイオミメティック（Biomimetics）研究の実現には，生物学と工学という分野を超えた知識の連携が必要とされる．本発表では，オントロジー工学とLinked Dataに基づき，様々な観点からの探索的な検索を可能とする，バイオミメティック研究の知識基盤に向けた発想支援型データベースの構築について述べる．</p>,130007425461,オントロジーとLinked Dataに基づくバイオミメティック・データベースの構築
<p>生物の表現型解析データは、極めて多種多様である。この情報を整理統合するには、測定対象部位や、生物種、コントロール値、実験結果を解釈する考え方の違いなどを体系的に区別して扱う必要がある。本研究では、上位オントロジーYAMATOに基づいた表現型データベースを試作した。多様なメタデータを体系的に記述し、定量値から定性値への自動変換、異種生物データの統合化を試みた。</p>,130007426030,コンテキストに依存した定性値を扱う生物表現型統合データベースの試作
<p>本発表では，オントロジー工学者と臨床医を含む医療の専門家が綿密な協力の下 で開発した臨床医学オントロジーを，医療情報システム高度化のための医療知識 基盤として活用すべく，Linked Open Data(LOD)化の検討を行う．さらにLOD化し た臨床医学オントロジーを活用した応用システムの開発について，プロトタイプ システムの試作結果と合わせて議論する．</p>,130007426098,医療知識基盤の構築に向けた臨床医学オントロジーのLOD化の検討
"<p>In life-sciences domain, Linked Open Data (LOD) is being increasingly used when publishing databases. For flexible use of such databases, we employ a method that uses federated query search along a path of class-class relationships. To demonstrate our strategy, we implemented a prototype system accessible via a web API as a preliminary trial. We have been collecting SPARQL Builder Metadata (SBM) that describe a data schema for each SPARQL endpoint. Using the SBM, we constructed a graph called a merged class graph based on the class-class relationships in LOD. Using this graph, our system can provide the information required to construct a federated search query, such as the SPARQL endpoints that include a class–class relationship, and paths of the class-class relationships between two classes.</p>",130007426338,LOD Surfer API: A web API for LOD exploration based on class-class relationships
<p>環境学やサステイナビリティ・サイエンスでは、様々な立場や専門の人々が共通の問題領域を扱う。本発表では、環境・サステイナビリティ領域でそれぞれの立場や専門の人が持つインスタンス（個別）知識の関係性を、オントロジーによる因果論理を介して連携する因果論理構築支援ツールにより再現することを試みる。その過程を通して、本支援ツールの環境・サステイナビリティ領域への適用に向けた課題について考察する。</p>,130007426517,オントロジーに基づくドメインを横断した個別知識間の因果論理構築支援に関する考察
<p>オントロジーの構築・利用においては，構築者や利用者の専門分野や関心の違いによって対象世界の捉え方が異なり，is-a階層を一意に定めることが好まれない場合がある．そこで本研究では，is-a階層を捉える際の視点を定義し，１つのオントロジーから視点に応じてis-a階層を動的に生成する枠組みについて考察する．そしてその考察を基に，利用者の視点に基づいたis-a階層の動的生成を実現するツールを開発する．</p>,130007426597,ユーザの視点に基づいたis-a階層の動的生成に関する基礎的考察
"<p>生命科学では,生産され続ける多様なデータを大規模かつ効率的に利活用する情報基盤の確立が急務である。我々は,法造のロール概念を用いて, 測定対象部位や、生物種、コントロール値、実験結果を解釈する考え方の違いなどを体系的に区別できるオントロジーを作成し、これに具体的な数値データも記述することで、異種生物データの統合化を行い、実験動物の表現型とヒト疾患のつながりを辿れるデータベースを作成した。</p>",130007426678,生物表現型情報と、疾患情報をつなげるデータベース
,130007426719,SPARQL生成支援のためのRDFグラフ構造解析技術の開発
<p>近年，生物多様性を規範とした「自然に学ぶものつくり」を目指すバイオミメティック（Biomimetics）研究が注目されている．その実現には，生物資源イベントリーをはじめとする多種多様なデータや知見の，分野を超えたスムースな連携が必要とされる．本発表では，バイオミメティック研究に向けた知識基盤としてのオントロジー構築とそれに基づく発想支援型データベースの開発について考察する．</p>,130007426776,生物多様性を規範とした材料技術開発支援に向けたバイオミメティック・オントロ ジーの試作
"<p>This paper describes a new challenge for addressing knowledge graph completion held in Japan, 2018. Deep learning techniques have opened a new vista of Artificial Intelligence and promoted applying the AI-related systems to a wide variety of social systems. However, security and safety of such AI systems in addition to the interpretability of AI decision would become extremely important accordingly, as already warned in several communities. Therefore, the Special Interest Group (SIG) on Semantic Web and Ontology of JSAI organized the challenge, in which a knowledge graph showing well-known novels of Sherlock Holmes is openly constructed, and techniques for reasoning or completing the missing information about criminals that was intentionally removed from the knowledge graph are recruited from the general public. The SIG has started the challenge at the 32nd JSAI Annual Conference 2018, and hopes many participants concerned will have an active discussion to this end.</p>",130007426890,The First Knowledge Graph Completion Challenge 2018:- Toward the Interpretable AI -
,130007427006,臨床医学オントロジーにおける異常状態と診療情報との自動マッピングに向けた基礎的検討
"<p>Ontological considerations about part-of relations have been extensively investigated because they are basic and important relationships for ontology building. Although there are various discussions on kinds of part-of and their ontological characteristics, there remains some room for discussing a couple of fundamental issues such as ""What is a part?"" and ""When is a part-of relation composed?"" This paper discusses ontology patterns of descriptions of part-of relationships on the basis of ontological theories in order to provide practitioners with useful guidelines for descriptions of part-of structurers. This paper focuses on ontology patterns which capture commonality and special characteristics of parts so that complicated structures of physical objects are described appropriately. We discuss four problems related to descriptions of parts. 1) interdependence between the whole and its parts, 2) kinds of parts such as components, portions and materials, 3) multiple inheritance according to substance and properties of parts, 4) the commonality and specificity of parts. To cope with these problems, this paper introduces a part representation model based on ontological theory of roles. The main idea of the part representation model is to distinguish between a part dependent on its whole and the context-independent properties of the part. The former is defined as the role-holder which plays roles and the latter is defined as the player of the role. The role defines properties of the part which is dependent on its whole. These three kinds of definitions enable to describe differences of various properties of parts according to their context dependence. We show how this model is used to describe various parts through practical examples of the anatomical structure of human body developed in the medical ontology project in Japan.</p>",130007543134,Descriptions of Part-of Relationships for Ontology Building and Its Deployment – A Representation Model for Part Structures based-on Role Theory
"<p>New challenges for knowledge graph reasoning started in Japan in 2018. Machine learning techniques have promoted applying systems containing AI to a wide variety of social systems. The explanation for the AI decision is becoming important to guarantee the security and safety of such AI systems to a certain extent. Therefore, the Special Interest Group on Semantic Web and Ontology of JSAI organized this challenge, which calls for techniques for reasoning and/or estimating criminals with a reasonable explanation based on an open knowledge graph representing a well-known novel of Sherlock Holmes. This paper describes a summary report of the first challenge, including the knowledge graph constructed for this task, approaches proposed for reasoning and/or estimating, and the evaluation metrics. Finally, we conclude this paper with the plans and issues for the next challenge in 2019.</p>",130007658351,Report on the First Knowledge Graph Reasoning Challenge 2018:- Toward the eXplainable AI System -
<p>LOD （Linked Open Data) is a technology for publishing open data on the Web with links among other datasets. It is also considered as a knowledge graph which represents relationships among knowledge. This article outlines some technologies for use of LOD as knowledge graph such as data access using URI and information retrieval using SPARQL query. It explains through examples on Wikidata which is the free knowledge base. Some other LOD mainly published in Japan are also introduced. They give a basic information for using LOD as knowledge graph.</p>,130007849959,Technologies for use of web information resources – Use of LOD as knowledge graph
"<p>We have been developing a federated search system called LOD Surfer to obtain information in life science domain from Linked Open Data (LOD) based on class-class relationships. First, we considered the functions required for LOD Surfer, and prototyped those functions as a web API called LOD Surfer API. Furthermore, to clarify problems in practical use, we tried to use the API as an annotation tool for a multiple protein sequence alignment viewer. Then, we developed LOD Surfer API ver.2, by implementing required functions based on the trial of practical use, additionally to LOD Surfer API. In this presentation, we introduce LOD Surfer using LOD Surfer API ver.2. In addition, we discuss the technology required for LOD Surfer to enable integrated use of data distributed on the web and future prospects.</p>",130007856718,LOD Surfer: A federated search system for LOD based on class-class relationships
"<p>Results of the second knowledge graph reasoning challenge 2019 are reported in this paper. According to applying AI systems to a wide variety of social systems, the explanation for the AI decision is becoming important to guarantee the security and safety of such AI systems. Therefore, the Special Interest Group on Semantic Web and Ontology of JSAI started this challenge in 2018, which calls for techniques for reasoning and/or estimating criminals with a reasonable explanation based on knowledge graphs representing well-known stories of Sherlock Holmes. This paper describes a summary report of the second challenge, an approach based on Abduction and Answer Set Programming, and an approach using Graph Embedding, then their results are evaluated. Finally, we conclude this paper with the plans and issues for the next challenge in 2020.</p>",130007856724,Report on the Second Knowledge Graph Reasoning Challenge 2019:- Toward the eXplainable AI System -
<p>Many datasets are developed and published as Linked Data and Linked Open Data (LOD) in many domains from around 2010. Linked Data are designed for realizing Web of Data. It is expected to use them effectively for data integration among multiple datasets. This article introduces how to construct Linked Data with links to other LOD for data integration. It also outlines how to use SPARQL which is query language for linked data focusing on federated query which retrieves data through different datasets.</p>,130007883187,How to construct linked data
,130007917139,25th International World Wide Web Conference（WWW 2016）
,130007917302,特集「人文科学とAI」にあたって
,130007917334,会議報告　The 15th International Semantic Web Conference（ISWC 2016）
,130007917463,Medical Applications of Artificial Intelligence
,130007917606,Report on the First Knowledge Graph Reasoning Challenge 2018 : Toward the Explainable AI System
,130007917632,会議報告「RecSys 2018／JIST 2018」
,130007917721,Knowledge Representation : Ontology and Knowledge Graph
,130007917743,AIMED : SIG for Artificial Intelligence in MEDicine
,130007917767,特集「人工知能技術の医療応用」にあたって
プログラミングは，情報科学を理解する上で最も基本的な技能の1つである。昨今，プログラミングを学ぼうとする学生の基礎知識は多様化しており，テキストベースのプログラミング言語を用いた学習は，基礎的な能力を持たない初心者にとってその習得はかなり困難な場合がある．我々は，そのような学生に向けた学習環境として，「ぶろっくらみんぐ」というビジュアルプログラミングツールを構築した．本研究では，本システムを実際に授業で使用した結果とその際得られた課題について検討を行う。,170000086272,初心者向けプログラミング学習の支援ツール
国内の経済活性化のためインバウンド観光の振興が期待されている．そこでICTを活用した支援として，観光客の位置情報を収集し，訪問場所の分析する取り組みが始まっている．ところがGPSなどのセンサから生成される生データは大量となりデータ分析は負担となる．そこで本稿では，オープンデータから取得したPoint of Interest（POI）情報を利用して，GPS移動履歴をRDFによるグラフデータに変換しLinked Open Data（LOD）化することで，柔軟なデータ分析を容易にする手法について報告する．本手法の実証実験を神戸にて開催された国際会議ISWC2016において実施し，LOD化によりSPARQLクエリを用いた容易な分析が可能であることと，既存オープンデータのPOI情報として有用性を確認した．,170000149588,GPS移動履歴の収集とオープンデータを用いた移動軌跡のLOD化─国際会議ISWC2016における実証実験を例として─
教育機関では一般的に学習者が適切に学習できたかを測る方法として試験が用いられる．教育者はその試験問題を作成するにあたって様々な注意を払わなくてはならない．作成した問題群は学習範囲をまんべんなく網羅し，それぞれの学習内容の達成度を測定できることが望ましい．また，学習の内容が他の単元と関係がある場合には，それらを考慮した複雑な問題を作ることも必要だろう．本研究では，学習内容を体系化したオントロジーを利用し，教育者が試験問題を作成する際，既存の問題やWeb上に公開されている問題を体系的な位置づけも考慮しながら参照するための問題作成支援システムの構築を行う．,170000165559,学習オントロジーを利用した問題作成支援システム
Linked Open Dataの原則によれば、リソースにアクセスされた際には有用な情報を標準的なフォーマットで提供するべきである。しかし、「有用な情報」とは自明ではなく、全ての情報を出力することが必ずしも良いわけではない。そこで、本研究では指定したリソースから別のリソースまでの（propertyを介した）経路を確率モデルに基づきランキングすることで有用度の高い情報を得ることを提案する。本提案モデルにおいては、リソース間の遷移確率モデル上で指定したリソースから経路探索をし、生起確率の大きなパスから順に出力する。この際、冗長なパスを省略するためにハブ検出を組み込んだ。,170000174464,Linked Open Dataにおける確率モデルに基づいたリソース間の経路ランキング手法
本研究では，ドキュメントを利用したオントロジー拡張の手法について述べる．オントロジー拡張では，主に新しく追加する概念の選定と，既存の概念と上位-下位関係(Is-aリンク)の構築という2つのステップが必要である．本研究では，追加する概念のドキュメントからの選定と，Web上の構造化データであるLinked Open Data (LOD)を利用してリンク構築を目指した．リンク構築では，WikipediaをベースとしたLODであるDBpediaから取得した所属カテゴリの情報を利用した手法を提案した．この手法について，先行研究のベースライン手法，及び単語分散表現を実現するWord2Vecとの性能比較実験を行った結果，構築できるIs-aリンクの正解率が上昇し，提案手法の有効性を確認した．,170000182434,ドキュメントとDBpediaを利用したオントロジー半自動拡張支援
,190000007476,会議報告「RecSys 2018／JIST 2018」
,40004865981,オントロジー構築利用環境の開発--「関係」および「ロール概念」に関する基礎的考察 (テーマ:「インターネットとAI」および一般)
,40004866069,オントロジー構築におけるタスク・ドメインロールの抽出・整理に関する考察--石油精製プラントを例にして (テーマ 「オントロジー活用の実際、産業応用」および一般)
,40005540465,"オントロジー構築・利用環境「法造」のSemantic Webシステム開発に向けた拡張 (小特集:「Semantic Webとインテリジェントコンテンツ」および一般) -- (インテリジェントコンテンツの構築(Semantic Web,オントロジー,知識コンテンツ))"
,40005540466,"分散開発環境における複数オントロジー間の依存関係管理 (小特集:「Semantic Webとインテリジェントコンテンツ」および一般) -- (インテリジェントコンテンツの構築(Semantic Web,オントロジー,知識コンテンツ))"
,40007334796,オントロジー構築ツールの現状 (実用化に向けて動き始めたセマンティックWeb)
,40018280536,Proposal for dynamic is-a hierarchy generation system based on user's viewpoint
,40018764236,Research and development of medical ontology in Japan
,40020008274,Ontological Consideration about Functions and Properties of Nanomaterials for Knowledge Organization
,40020008851,A Prototype System for Distributed Ontology Development Based on Dependency Management
,40020009667,A First Step Towards Systemization of Functional Knowledge for Synthetic Process of Nanomaterials
,40020011852,Design of a guide system for building ontologies which is based on a consideration of domain role concepts : regarding an oil refinery plant
,40020016814,"Ontology-based construction of a model using ""HOZO"""
,40020077176,A Development of an Ontology Contents Refinement System based on Similarities among Is-a Hierarchies
,40020077302,A Development of Biomimetic Database based on Ontology and Linked Data
,40020077335,A Trail of Expansion of a Biomimetic Ontology using Technical Documents and Linked Open Data
,40020078470,An Integration of Abnormality Ontology with Biomedical Knowledge from LOD
,40020228636,Treatment of Context-dependent Concepts in Ontologies
,40020229867,An Extension of Hozo for Development Semantic Web Applications
,40020230964,Development of an Editing System of Integrated Knowledge Function/Manufacturing Process and Its Application to Supporting Nano-Materials Design
,40020232535,Development of Web Contents Management System based on Light-Weight Ontology
,40020232837,A Consideration for Dealing with Role Concepts using OWL and SWRL
,40020232854,Development of Integrated Design Supporting System with the Functionality to Store Functional Way Knowledge and Design Cases
,40020235050,A Consideration of Role Representation using OWL
,40020235149,An Analysis of Semantic Web Applications based on Ontological Engineering
,40020235425,A Fundamental Consideration toward Development of Medical Ontology
,40020237917,Ontological Consideration of Function and Quality for a Knowledge Structuring System
,40020239722,Development of a Conceptual Map Creation Tool for Overlooking Ontologies
,40020239899,Refinement of the Role Theory in the Instance Management Problem
,40020240297,Development of a Supporting Framework of Choice of Kinds of Material for Supporting Design of Nano-Materials
,40020252127,A Classification and Consideration of Utilization of Ontology based on Ontological Engineering
,40020254742,Practical Techniques for Ontology Building : A Case Study on a Clinical Medical Ontology
,40020256323,A Consideration of Imbalance and Generic Disorder Chain in Disease Ontology
,40020257341,Development of Ontology Exploration Tool for Overlooking Domain-knowledge
,40020259769,Knowledge Navigation System based on Medical Clinical Ontologies
,40020259810,Automatic generation of medicine electronic dictionary based on Clinical Medical Ontologies
,40020263795,Fundamental Consideration for Supporting Ontology Construction/Refinement with a Conceptual Map
,40020264013,A Consideration of Dynamic is-a Hierarchy Generation based on User's Viewpoint
,40020264258,"An Ontological Modeling Approach for Abnormal States : Interoperability of quantitative data, qualitative information, and knowledge"
,40020264263,Prototype of Ontology Refinement Support System based on Similarity among Is-a Hierarchies
,40020285799,A Prototype of Multi-Level-Expansion Search for Concepts in Ontlogy
,40020291075,Consideration about Ontology Refine Method Using Similarity among Is-a Hierarchies
,40020293073,Trial to develop a database of context-dependent phenotype data
,40020293874,A Consideration of Building LOD from a Medical Ontology toward a Knowledge Infrastructure
,40020297261,A Trial Development of Biomimetics Ontology for Materials Engineering Based on Biological Diversity
,40020492811,A Trial to Expand a Biomimetics Ontology using Technical Document Analysis and Linked Open Data Technique focusing on Relationships between Concepts
,40020492831,Development of the database to show relationships between biological phenotypes and diseases
,40020496417,Evaluation of Method to Improve Ontology Consistency based on Similarities among is-a Hierarchies in Referring Relation
,40020496427,Development of Biomimetics Ontology and Its Description Guidelines for Idea Creation Support Based on Function Realization Methods of Natural Organisms
,40020545330,Linked Open Data (LOD)の概要と図書館分野での公開事例
,40020775891,Construction of the Ontology on Information Literacy in a mobile age
最近，シビックテック（Civic Tech）と呼ばれる市民（＝Civic）がIT技術（＝Technology）を活用して地域課題を解決しようという取り組みの広がりがある．オープンデータは，シビックテックにおいて活用されることが多く，両者を連携した活動も各地で行われている．これらの取り組みは，LOD技術の普及活動とも相まって様々な展開が見られている．本解説では，関西を中心としたLOD技術の普及活動とシビックテック活動の経験を踏まえ，LODという新しい技術の普及活動を進めていく上で，シビックテックとの関わりから得た知見を活動事例と共に報告する．,40020883692,Dissemination of Linked Open Data in Japan：6. Civic Tech and LOD - Through Activities in Kansai Area -
,40021462921,Constructing Urban Problem LOD with Causality using Crowdsourcing
,40021676423,大阪市(大阪府) Webサイトと連動したプッシュ型広報 (特集 データ利活用と地方創生)
